{"cameraMode":{"drawMode":2,"name":"Shaded Wireframe","section":"Shading Mode"},"sceneLighting":true,"audioPlay":false,"sceneViewState":{"showFog":true,"showMaterialUpdate":false,"showSkybox":true,"showFlares":true,"showImageEffects":true,"showParticleSystems":true},"in2DMode":false,"pivot":{"x":20.089908599853517,"y":-1.433748722076416,"z":-4.7027058601379398},"rotation":{"x":-0.03803011029958725,"y":0.9594663381576538,"z":-0.15889737010002137,"w":-0.22962963581085206},"size":11.898402214050293,"orthographic":false}