{"cameraMode":{"drawMode":2,"name":"Shaded Wireframe","section":"Shading Mode"},"sceneLighting":true,"audioPlay":false,"sceneViewState":{"showFog":true,"showMaterialUpdate":false,"showSkybox":true,"showFlares":true,"showImageEffects":true,"showParticleSystems":true},"in2DMode":false,"pivot":{"x":19.072425842285158,"y":-2.1401455402374269,"z":-8.756702423095704},"rotation":{"x":-0.02052280679345131,"y":0.9768238067626953,"z":-0.10978342592716217,"w":-0.1825971007347107},"size":13.952999114990235,"orthographic":false}