{"cameraMode":{"drawMode":2,"name":"Shaded Wireframe","section":"Shading Mode"},"sceneLighting":true,"audioPlay":false,"sceneViewState":{"showFog":true,"showMaterialUpdate":false,"showSkybox":true,"showFlares":true,"showImageEffects":true,"showParticleSystems":true},"in2DMode":false,"pivot":{"x":24.302621841430665,"y":2.1126484870910646,"z":4.4216694831848148},"rotation":{"x":-0.008275428786873818,"y":0.9917256236076355,"z":-0.09041865915060044,"w":-0.0907544195652008},"size":0.9740776419639587,"orthographic":false}